{
  "Routes": [
    {
      "DownstreamPathTemplate": "/api/user/getuserlist",
      "DownstreamScheme": "http",
      "DownstreamHostAndPorts": [
        {
          "Host": "localhost",
          "Port": "65085"
        }
      ],
      "UpstreamPathTemplate": "/getuserlist",
      "UpstreamHttpMethod": [ "GET" ]//,
      //"Key": "User" ,
      //"AuthenticationOptions": {
      //  "AuthenticationProviderKey": "TestKey",
      //  "AllowedScopes": []
      //}
    }
    //,
    //{
    //  "DownstreamPathTemplate": "/api/product/getProduct",
    //  "DownstreamScheme": "http",
    //  "DownstreamHostAndPorts": [
    //    {
    //      "Host": "localhost",
    //      "Port": "44300"
    //    }
    //  ],
    //  "UpstreamPathTemplate": "/getProduct",
    //  "Key": "Product"
    //}
  ],
  //"Aggregates": [
  //  {
  //    "ReRouteKeys": [
  //      "User",
  //      "Product"
  //    ],
  //    "UpstreamPathTemplate": "/UserAndProduct"
  //  }
  //],
  "GlobalConfiguration": {
    "BaseUrl": "http://localhost:56177"
  }
}